id,veiculo,visualizacoes,endereco,conversoes,data
10680,"Civic",264217,"Avenida Onze de Junho, 65",721,"12/03/2023"
1140,"Tracker",289573,"Rua Caiabu, 48",1188,"12/03/2023"
2208,"Tucson",288597,"Rua Eusébio da Silva, 40",679,"12/03/2023"
2748,"Civic",196682,"Rua Emílio Baumgart, 41",598,"12/03/2023"
7980,"Parati",137112,"Rua Carlos José de Castilho, 213",673,"12/03/2023"
11580,"Punto",293323,"Rua Delfino Casal de Rey, 39",966,"12/03/2023"
3000,"Pali",123710,"Rua Brejo Alegre, 9",781,"12/03/2023"
600,"Parati",293795,"Praça Argemiro Alves de Sá, 946",810,"12/03/2023"
11556,"C3",145793,"Praça Argemiro Alves de Sá, 946",607,"12/03/2023"
2412,"Civic",123550,"Alameda Ibiracemas, 32",767,"12/03/2023"
960,"Parati",137762,"Rua Brejo Alegre, 9",911,"12/03/2023"
3732,"Onix",240517,"Rua Emílio Baumgart, 41",902,"12/03/2023"
8988,"Corolla",143527,"Rua Carlos José de Castilho, 213",1092,"12/03/2023"
9612,"Onix",143076,"Rua Carneiro Leão, 45",1117,"12/03/2023"
7644,"Corsa",262091,"Rua Emílio Baumgart, 41",608,"12/03/2023"
9768,"Corolla",213302,"Rua Engenheiro Toledo Malta, 98",719,"12/03/2023"
8436,"Parati",296339,"Praça José Moreno, 24",1125,"12/03/2023"
1908,"Golf",221715,"Rua Filadélphia, 6",507,"12/03/2023"
7344,"Hilux",224673,"Rua Eusébio da Silva, 40",562,"12/03/2023"
2520,"Civic",282593,"Rua Delfino Casal de Rey, 39",509,"12/03/2023"
1716,"Zafira",168677,"Rua Carlos José de Castilho, 213",674,"12/03/2023"
10272,"Onix",209075,"Rua General Costa Campos, 90",1045,"12/03/2023"
4356,"Ka",140513,"Praça José Moreno, 24",506,"12/03/2023"
11400,"Ecosport",188188,"Rua Carlos José de Castilho, 213",752,"12/03/2023"
11460,"Civic",249710,"Alameda Ibiracemas, 32",981,"12/03/2023"
924,"Courier",259701,"Rua Engenheiro Toledo Malta, 98",795,"12/03/2023"
9012,"206",223507,"Praça José Moreno, 24",609,"12/03/2023"
10044,"Corsa",288764,"Rua Carlos José de Castilho, 213",764,"12/03/2023"
6444,"Ka",168334,"Alameda Ibiracemas, 32",1144,"12/03/2023"
8064,"Corolla",216661,"Rua Barão da Cunha de Araripe, 12",1151,"12/03/2023"
4824,"206",191724,"Rua Desembargador Isnard dos Reis, 549",542,"12/03/2023"
3900,"Golf",238584,"Rua Carneiro Leão, 45",825,"12/03/2023"
5484,"Ka",122583,"Rua Brejo Alegre, 9",606,"12/03/2023"
3276,"Ecosport",237833,"Rua Delfino Casal de Rey, 39",669,"12/03/2023"
9660,"Ka",152678,"Parque Luiz Carlos Prestes, 73",515,"12/03/2023"
9780,"Golf",165502,"Rua Carlos José de Castilho, 213",827,"12/03/2023"
1068,"Parati",280144,"Rua Filadélphia, 6",728,"12/03/2023"
8100,"Civic",242958,"Alameda Ibiracemas, 32",846,"12/03/2023"
10188,"Fox",291274,"Rua Desembargador Isnard dos Reis, 549",704,"12/03/2023"
3228,"Tracker",253510,"Rua Brejo Alegre, 9",1152,"12/03/2023"
4944,"Parati",237186,"Rua Caiabu, 48",720,"12/03/2023"
3336,"Hilux",296990,"Rua Dario Vilares Barbosa, 76",1134,"12/03/2023"
312,"Zafira",212708,"Rua Filadélphia, 6",734,"12/03/2023"
2148,"Fox",188525,"Rua Brejo Alegre, 9",567,"12/03/2023"
4668,"Corsa",286847,"Praça Argemiro Alves de Sá, 946",554,"12/03/2023"
7428,"Tracker",207763,"Rua Frei Galvão, 49",672,"12/03/2023"
1896,"Corolla",131809,"Rua Eusébio da Silva, 40",578,"12/03/2023"
3204,"Pali",155435,"Rua Barão da Cunha de Araripe, 12",1146,"12/03/2023"
276,"Hilux",260406,"Rua Brejo Alegre, 9",607,"12/03/2023"
1620,"Parati",138781,"Rua Carlos José de Castilho, 213",785,"12/03/2023"
10944,"Golf",122711,"Avenida Onze de Junho, 65",1126,"12/03/2023"
7668,"Pali",262634,"Rua Carlos José de Castilho, 213",571,"12/03/2023"
3492,"Spin",138325,"Rua Delfino Casal de Rey, 39",766,"12/03/2023"
4596,"Civic",133027,"Rua Emílio Baumgart, 41",787,"12/03/2023"
6324,"Fox",179723,"Avenida Onze de Junho, 65",1035,"12/03/2023"
6336,"Spin",206389,"Rua Delfino Casal de Rey, 39",752,"12/03/2023"
1308,"C3",224991,"Praça Argemiro Alves de Sá, 946",637,"12/03/2023"
8376,"Spin",230459,"Rua Emílio Baumgart, 41",565,"12/03/2023"
5064,"Parati",151873,"Praça José Moreno, 24",690,"12/03/2023"
7944,"Fox",168481,"Rua Eusébio da Silva, 40",850,"12/03/2023"
9072,"206",247373,"Avenida Onze de Junho, 65",518,"12/03/2023"
4908,"Civic",221469,"Avenida Onze de Junho, 65",550,"12/03/2023"
5016,"Corsa",154530,"Rua Caiabu, 48",752,"12/03/2023"
4692,"206",282585,"Rua Engenheiro Toledo Malta, 98",627,"12/03/2023"
3588,"Corsa",202165,"Rua General Costa Campos, 90",824,"12/03/2023"
9576,"Courier",142765,"Rua General Costa Campos, 90",1195,"12/03/2023"
8412,"Civic",192694,"Avenida Onze de Junho, 65",1023,"12/03/2023"
216,"206",247550,"Rua Caiabu, 48",1023,"12/03/2023"
96,"Zafira",148058,"Rua Caiabu, 48",579,"12/03/2023"
7752,"Spin",205145,"Rua Filadélphia, 6",674,"12/03/2023"
8196,"Fox",192627,"Rua Desembargador Isnard dos Reis, 549",1102,"12/03/2023"
2616,"206",155102,"Rua Brejo Alegre, 9",773,"12/03/2023"
5616,"HB20",208198,"Alameda Ibiracemas, 32",1008,"12/03/2023"
4644,"Spin",141715,"Rua Engenheiro Toledo Malta, 98",991,"12/03/2023"
8364,"C3",138706,"Praça José Moreno, 24",674,"12/03/2023"
5688,"Corsa",150155,"Rua Engenheiro Toledo Malta, 98",606,"12/03/2023"
4716,"Corsa",232840,"Rua Emílio Baumgart, 41",572,"12/03/2023"
6288,"Hilux",170739,"Rua Dario Vilares Barbosa, 76",543,"12/03/2023"
7032,"Zafira",125623,"Rua Engenheiro Toledo Malta, 98",806,"12/03/2023"
5292,"Spin",128029,"Rua Dario Vilares Barbosa, 76",785,"12/03/2023"
5400,"Civic",175452,"Praça José Moreno, 24",782,"12/03/2023"
6312,"Ka",127290,"Rua Barão da Cunha de Araripe, 12",1070,"12/03/2023"
9000,"Corolla",151112,"Avenida Onze de Junho, 65",662,"12/03/2023"
6924,"206",265764,"Avenida Onze de Junho, 65",780,"12/03/2023"
6420,"Spin",226215,"Rua General Costa Campos, 90",509,"12/03/2023"
8460,"Onix",201142,"Rua Caiabu, 48",541,"12/03/2023"
10164,"Tucson",178092,"Praça Argemiro Alves de Sá, 946",1021,"12/03/2023"
10380,"Corolla",215777,"Rua Dario Vilares Barbosa, 76",1120,"12/03/2023"
1524,"Civic",217964,"Rua Filadélphia, 6",895,"12/03/2023"
11424,"HB20",182059,"Rua Engenheiro Toledo Malta, 98",1025,"12/03/2023"
5340,"Tracker",150739,"Rua Emílio Baumgart, 41",713,"12/03/2023"
6672,"Fox",293082,"Rua Dario Vilares Barbosa, 76",531,"12/03/2023"
9720,"C3",240360,"Avenida Onze de Junho, 65",727,"12/03/2023"
6960,"Corsa",280161,"Rua Eusébio da Silva, 40",1129,"12/03/2023"
9684,"Civic",199214,"Rua Brejo Alegre, 9",1177,"12/03/2023"
6060,"Tucson",155351,"Rua Brejo Alegre, 9",1182,"12/03/2023"
2004,"206",186940,"Rua Aracari, 21",1008,"12/03/2023"
8808,"206",245137,"Praça Argemiro Alves de Sá, 946",516,"12/03/2023"
5844,"HB20",149681,"Rua Dario Vilares Barbosa, 76",647,"12/03/2023"
516,"Corsa",126716,"Rua Aracari, 21",784,"12/03/2023"
2136,"Onix",127044,"Rua Barão da Cunha de Araripe, 12",909,"12/03/2023"
6588,"Spin",191132,"Rua Filadélphia, 6",1061,"12/03/2023"
2664,"Fox",264368,"Rua Frei Galvão, 49",814,"12/03/2023"
9840,"Onix",193832,"Praça Argemiro Alves de Sá, 946",603,"12/03/2023"
9240,"C3",123253,"Praça Argemiro Alves de Sá, 946",538,"12/03/2023"
636,"Onix",198427,"Rua Barão da Cunha de Araripe, 12",738,"12/03/2023"
1968,"HB20",221814,"Rua Caiabu, 48",928,"12/03/2023"
4212,"206",284916,"Rua Engenheiro Toledo Malta, 98",602,"12/03/2023"
7500,"HB20",281041,"Rua Brejo Alegre, 9",669,"12/03/2023"
5880,"Onix",257821,"Rua Emílio Baumgart, 41",786,"12/03/2023"
2880,"Ecosport",209561,"Rua Emílio Baumgart, 41",1150,"12/03/2023"
5256,"Civic",279232,"Rua Caiabu, 48",747,"12/03/2023"
8760,"Pali",194424,"Rua Dario Vilares Barbosa, 76",1033,"12/03/2023"
9948,"Fox",271253,"Rua Dario Vilares Barbosa, 76",729,"12/03/2023"
1188,"Spin",290773,"Rua Frei Galvão, 49",1131,"12/03/2023"
708,"Courier",240176,"Praça Argemiro Alves de Sá, 946",979,"12/03/2023"
9312,"Zafira",231579,"Rua Emílio Baumgart, 41",1146,"12/03/2023"
1392,"Civic",187053,"Rua Carlos José de Castilho, 213",1107,"12/03/2023"
732,"C3",174066,"Avenida Onze de Junho, 65",907,"12/03/2023"
11208,"Fox",179753,"Rua Engenheiro Toledo Malta, 98",849,"12/03/2023"
7812,"Civic",208231,"Rua General Costa Campos, 90",1132,"12/03/2023"
5580,"Pali",128681,"Rua Carlos José de Castilho, 213",944,"12/03/2023"
11940,"Civic",252482,"Rua Aracari, 21",689,"12/03/2023"
7560,"Fox",253256,"Praça Argemiro Alves de Sá, 946",819,"12/03/2023"
3432,"Parati",181253,"Rua Emílio Baumgart, 41",862,"12/03/2023"
3036,"Corolla",196544,"Rua Barão da Cunha de Araripe, 12",1006,"12/03/2023"
5004,"Onix",211592,"Rua Frei Galvão, 49",1045,"12/03/2023"
2784,"Hilux",268374,"Alameda Ibiracemas, 32",1066,"12/03/2023"
4884,"206",283465,"Rua Emílio Baumgart, 41",1059,"12/03/2023"
3924,"Spin",223557,"Rua Carlos José de Castilho, 213",779,"12/03/2023"
3444,"Civic",165776,"Rua Carlos José de Castilho, 213",1086,"12/03/2023"
7608,"Onix",236681,"Rua Brejo Alegre, 9",844,"12/03/2023"
7020,"C3",233082,"Rua Aracari, 21",613,"12/03/2023"
1740,"Corolla",213971,"Avenida Onze de Junho, 65",713,"12/03/2023"
7380,"Ecosport",190900,"Alameda Ibiracemas, 32",1144,"12/03/2023"
3912,"Zafira",261837,"Rua General Costa Campos, 90",719,"12/03/2023"
5412,"Corolla",154149,"Rua Frei Galvão, 49",798,"12/03/2023"
1860,"Fox",137478,"Rua Carlos José de Castilho, 213",592,"12/03/2023"
10224,"Golf",234049,"Rua Dario Vilares Barbosa, 76",882,"12/03/2023"
9972,"Ka",271312,"Rua Brejo Alegre, 9",813,"12/03/2023"
5940,"Pali",167604,"Rua Carlos José de Castilho, 213",622,"12/03/2023"
4260,"Parati",264219,"Praça José Moreno, 24",1105,"12/03/2023"
3048,"C3",218180,"Rua General Costa Campos, 90",992,"12/03/2023"
2676,"Corsa",133532,"Rua Carneiro Leão, 45",819,"12/03/2023"
540,"C3",296576,"Alameda Ibiracemas, 32",905,"12/03/2023"
6828,"Tracker",160753,"Rua Caiabu, 48",796,"12/03/2023"
4128,"Golf",212331,"Rua Engenheiro Toledo Malta, 98",757,"12/03/2023"
1320,"Onix",221036,"Alameda Ibiracemas, 32",723,"12/03/2023"
3192,"Courier",270732,"Rua Aracari, 21",1114,"12/03/2023"
6432,"Courier",192735,"Rua Eusébio da Silva, 40",576,"12/03/2023"
11232,"Tracker",265130,"Alameda Ibiracemas, 32",511,"12/03/2023"
3132,"Hilux",258587,"Rua Engenheiro Toledo Malta, 98",1129,"12/03/2023"
2952,"HB20",130650,"Rua Emílio Baumgart, 41",846,"12/03/2023"
324,"Hilux",123120,"Praça José Moreno, 24",909,"12/03/2023"
84,"Golf",188093,"Avenida Onze de Junho, 65",1164,"12/03/2023"
6000,"Parati",141511,"Rua Brejo Alegre, 9",774,"12/03/2023"
1212,"C3",147964,"Rua Engenheiro Toledo Malta, 98",729,"12/03/2023"
10452,"Civic",120549,"Rua Carlos José de Castilho, 213",695,"12/03/2023"
804,"Zafira",198029,"Rua Aracari, 21",1133,"12/03/2023"
10524,"Ecosport",163454,"Rua Carlos José de Castilho, 213",980,"12/03/2023"
9792,"Tracker",139090,"Praça Argemiro Alves de Sá, 946",1095,"12/03/2023"
11016,"Spin",201610,"Rua Filadélphia, 6",1039,"12/03/2023"
8940,"Hilux",125639,"Avenida Onze de Junho, 65",788,"12/03/2023"
6240,"Ecosport",139249,"Rua Carneiro Leão, 45",859,"12/03/2023"
2316,"Ka",242140,"Rua Barão da Cunha de Araripe, 12",986,"12/03/2023"
8736,"HB20",196592,"Rua Barão da Cunha de Araripe, 12",535,"12/03/2023"
10176,"Tracker",171771,"Rua Carlos José de Castilho, 213",550,"12/03/2023"
3576,"Hilux",290802,"Rua Engenheiro Toledo Malta, 98",1132,"12/03/2023"
2604,"HB20",221961,"Rua Dario Vilares Barbosa, 76",571,"12/03/2023"
11412,"Ecosport",255687,"Alameda Ibiracemas, 32",921,"12/03/2023"
6648,"Tucson",287731,"Praça Argemiro Alves de Sá, 946",866,"12/03/2023"
5388,"Zafira",188635,"Rua Delfino Casal de Rey, 39",1152,"12/03/2023"
11916,"Punto",131533,"Rua Filadélphia, 6",958,"12/03/2023"
10488,"Corsa",239210,"Parque Luiz Carlos Prestes, 73",1148,"12/03/2023"
7968,"Hilux",188398,"Rua Desembargador Isnard dos Reis, 549",730,"12/03/2023"
1008,"Fox",232012,"Rua Brejo Alegre, 9",747,"12/03/2023"
9348,"Punto",152102,"Praça Argemiro Alves de Sá, 946",754,"12/03/2023"
8388,"Corsa",201287,"Rua Desembargador Isnard dos Reis, 549",535,"12/03/2023"
9288,"C3",140952,"Rua Brejo Alegre, 9",582,"12/03/2023"
11280,"Hilux",152440,"Parque Luiz Carlos Prestes, 73",833,"12/03/2023"
3180,"HB20",179177,"Rua Eusébio da Silva, 40",524,"12/03/2023"
4380,"Tracker",229254,"Parque Luiz Carlos Prestes, 73",636,"12/03/2023"
8796,"Parati",192964,"Rua General Costa Campos, 90",886,"12/03/2023"
6180,"Courier",223140,"Praça Argemiro Alves de Sá, 946",877,"12/03/2023"
3864,"Fox",233119,"Rua Frei Galvão, 49",1020,"12/03/2023"
7932,"Golf",130000,"Alameda Ibiracemas, 32",939,"12/03/2023"
10308,"Ka",138778,"Rua Frei Galvão, 49",821,"12/03/2023"
4104,"Golf",199499,"Rua Brejo Alegre, 9",1188,"12/03/2023"
4776,"HB20",249364,"Avenida Onze de Junho, 65",600,"12/03/2023"
9636,"Tucson",213332,"Praça José Moreno, 24",811,"12/03/2023"
10068,"Tracker",250197,"Rua Emílio Baumgart, 41",1075,"12/03/2023"
10920,"Zafira",269983,"Rua Dario Vilares Barbosa, 76",739,"12/03/2023"
2976,"Courier",136052,"Rua Frei Galvão, 49",805,"12/03/2023"
3348,"Pali",253417,"Rua General Costa Campos, 90",915,"12/03/2023"
8148,"Pali",151870,"Praça José Moreno, 24",1186,"12/03/2023"
11100,"Civic",172924,"Rua Emílio Baumgart, 41",1013,"12/03/2023"
8472,"Courier",212478,"Parque Luiz Carlos Prestes, 73",650,"12/03/2023"
10128,"HB20",217243,"Parque Luiz Carlos Prestes, 73",1053,"12/03/2023"
8688,"Corolla",244232,"Rua Frei Galvão, 49",1080,"12/03/2023"
2496,"Onix",255442,"Rua Engenheiro Toledo Malta, 98",537,"12/03/2023"
11616,"Courier",276534,"Alameda Ibiracemas, 32",678,"12/03/2023"
5604,"Tracker",199791,"Rua General Costa Campos, 90",880,"12/03/2023"
720,"Ecosport",236497,"Avenida Onze de Junho, 65",1094,"12/03/2023"
9444,"Golf",236131,"Rua Eusébio da Silva, 40",602,"12/03/2023"
11784,"Parati",207282,"Rua Emílio Baumgart, 41",1168,"12/03/2023"
8568,"Fox",216926,"Rua Barão da Cunha de Araripe, 12",563,"12/03/2023"
4320,"Hilux",232009,"Rua Caiabu, 48",797,"12/03/2023"
108,"HB20",145149,"Rua Carneiro Leão, 45",1115,"12/03/2023"
6024,"Punto",211040,"Alameda Ibiracemas, 32",895,"12/03/2023"
2244,"C3",131817,"Praça José Moreno, 24",608,"12/03/2023"
7272,"C3",169041,"Rua Emílio Baumgart, 41",1027,"12/03/2023"
5676,"Civic",254916,"Rua Eusébio da Silva, 40",1009,"12/03/2023"
6408,"Spin",266993,"Rua Filadélphia, 6",646,"12/03/2023"
3672,"Spin",292429,"Rua Carneiro Leão, 45",892,"12/03/2023"
4800,"HB20",206927,"Rua Engenheiro Toledo Malta, 98",811,"12/03/2023"
1704,"Ecosport",266920,"Rua Filadélphia, 6",821,"12/03/2023"
8496,"Ecosport",189885,"Rua Engenheiro Toledo Malta, 98",584,"12/03/2023"
5508,"HB20",197366,"Rua Dario Vilares Barbosa, 76",1158,"12/03/2023"
11748,"Tracker",166093,"Rua Barão da Cunha de Araripe, 12",501,"12/03/2023"
8088,"Courier",125093,"Rua Aracari, 21",648,"12/03/2023"
7884,"Pali",270540,"Rua Barão da Cunha de Araripe, 12",1154,"12/03/2023"
10320,"Corolla",186485,"Rua Emílio Baumgart, 41",634,"12/03/2023"
8028,"Tucson",245042,"Rua Aracari, 21",954,"12/03/2023"
7476,"Ka",212673,"Rua General Costa Campos, 90",939,"12/03/2023"
10644,"Spin",265871,"Rua Emílio Baumgart, 41",579,"12/03/2023"
7236,"Hilux",183443,"Rua Brejo Alegre, 9",819,"12/03/2023"
9528,"Fox",183008,"Rua Barão da Cunha de Araripe, 12",683,"12/03/2023"
3852,"Onix",179734,"Alameda Ibiracemas, 32",1190,"12/03/2023"
5268,"Tucson",141528,"Rua General Costa Campos, 90",830,"12/03/2023"
3876,"Courier",246206,"Rua Carlos José de Castilho, 213",698,"12/03/2023"
1788,"Tracker",257874,"Rua Frei Galvão, 49",918,"12/03/2023"
5916,"Golf",257904,"Alameda Ibiracemas, 32",719,"12/03/2023"
6492,"Hilux",129045,"Rua Desembargador Isnard dos Reis, 549",529,"12/03/2023"
1464,"Spin",161053,"Rua Brejo Alegre, 9",1155,"12/03/2023"
8124,"Ecosport",246605,"Avenida Onze de Junho, 65",614,"12/03/2023"
2760,"Pali",297524,"Rua Brejo Alegre, 9",601,"12/03/2023"
3360,"Hilux",243043,"Praça José Moreno, 24",587,"12/03/2023"
7140,"Parati",143448,"Rua Delfino Casal de Rey, 39",1190,"12/03/2023"
8424,"Ka",235214,"Rua Carlos José de Castilho, 213",1123,"12/03/2023"
3324,"C3",202706,"Rua Engenheiro Toledo Malta, 98",1170,"12/03/2023"
7308,"Onix",292536,"Praça Argemiro Alves de Sá, 946",984,"12/03/2023"
10404,"C3",227224,"Rua Dario Vilares Barbosa, 76",529,"12/03/2023"
3612,"Courier",238319,"Avenida Onze de Junho, 65",1186,"12/03/2023"
984,"Tracker",203448,"Rua Barão da Cunha de Araripe, 12",1120,"12/03/2023"
11868,"Civic",237915,"Rua Desembargador Isnard dos Reis, 549",826,"12/03/2023"
4728,"Onix",214899,"Rua Dario Vilares Barbosa, 76",853,"12/03/2023"
1680,"Corolla",141817,"Rua Barão da Cunha de Araripe, 12",546,"12/03/2023"
8544,"Ecosport",145750,"Rua Brejo Alegre, 9",812,"12/03/2023"
1284,"Pali",211305,"Rua Filadélphia, 6",1176,"12/03/2023"
10764,"Spin",288784,"Avenida Onze de Junho, 65",607,"12/03/2023"
4860,"Tracker",230276,"Rua Barão da Cunha de Araripe, 12",523,"12/03/2023"
4068,"Courier",228408,"Parque Luiz Carlos Prestes, 73",660,"12/03/2023"
8676,"C3",217243,"Avenida Onze de Junho, 65",942,"12/03/2023"
9228,"Ka",185521,"Praça José Moreno, 24",648,"12/03/2023"
4284,"HB20",179948,"Rua Caiabu, 48",1098,"12/03/2023"
11256,"HB20",167366,"Parque Luiz Carlos Prestes, 73",510,"12/03/2023"
5532,"206",260246,"Rua Eusébio da Silva, 40",841,"12/03/2023"
1572,"Spin",261927,"Rua Caiabu, 48",776,"12/03/2023"
8832,"Civic",240534,"Rua Emílio Baumgart, 41",550,"12/03/2023"
11376,"Pali",203932,"Rua Brejo Alegre, 9",817,"12/03/2023"
5640,"Golf",244866,"Rua Frei Galvão, 49",749,"12/03/2023"
5076,"Zafira",229912,"Rua Delfino Casal de Rey, 39",525,"12/03/2023"
8172,"Civic",162979,"Rua Desembargador Isnard dos Reis, 549",1184,"12/03/2023"
7068,"Zafira",187657,"Rua Filadélphia, 6",1095,"12/03/2023"
11316,"Civic",206409,"Rua Brejo Alegre, 9",982,"12/03/2023"
7632,"Ka",267358,"Rua Eusébio da Silva, 40",939,"12/03/2023"
8352,"HB20",284156,"Rua Brejo Alegre, 9",813,"12/03/2023"
4980,"Hilux",266777,"Rua Carneiro Leão, 45",945,"12/03/2023"
2736,"Tucson",205796,"Praça José Moreno, 24",1161,"12/03/2023"
11472,"Tracker",182674,"Rua Eusébio da Silva, 40",990,"12/03/2023"
192,"Ka",246086,"Rua Brejo Alegre, 9",590,"12/03/2023"
828,"Courier",244694,"Rua Frei Galvão, 49",995,"12/03/2023"
6084,"Spin",227143,"Parque Luiz Carlos Prestes, 73",1063,"12/03/2023"
6216,"Civic",168194,"Parque Luiz Carlos Prestes, 73",564,"12/03/2023"
4044,"Pali",226739,"Praça José Moreno, 24",876,"12/03/2023"
10116,"Parati",169066,"Parque Luiz Carlos Prestes, 73",1111,"12/03/2023"
444,"Pali",133394,"Rua Desembargador Isnard dos Reis, 549",526,"12/03/2023"
10332,"Civic",252128,"Avenida Onze de Junho, 65",1081,"12/03/2023"
6900,"Courier",264757,"Parque Luiz Carlos Prestes, 73",663,"12/03/2023"
4092,"Pali",191337,"Praça José Moreno, 24",1020,"12/03/2023"
7392,"Civic",194641,"Praça José Moreno, 24",803,"12/03/2023"
5856,"Hilux",277331,"Rua Barão da Cunha de Araripe, 12",642,"12/03/2023"
6096,"Civic",134667,"Rua Eusébio da Silva, 40",1063,"12/03/2023"
9708,"C3",291078,"Rua Delfino Casal de Rey, 39",884,"12/03/2023"
10056,"Hilux",154992,"Alameda Ibiracemas, 32",835,"12/03/2023"
2652,"Ecosport",250890,"Praça Argemiro Alves de Sá, 946",895,"12/03/2023"
10656,"Parati",156905,"Rua Delfino Casal de Rey, 39",856,"12/03/2023"
9744,"Pali",281891,"Praça José Moreno, 24",1132,"12/03/2023"
9408,"Hilux",191366,"Rua Caiabu, 48",895,"12/03/2023"
10200,"Zafira",140295,"Rua Filadélphia, 6",734,"12/03/2023"
11112,"Fox",140449,"Alameda Ibiracemas, 32",722,"12/03/2023"
8508,"Ecosport",278203,"Rua Eusébio da Silva, 40",511,"12/03/2023"
2988,"Fox",174821,"Rua Carlos José de Castilho, 213",1037,"12/03/2023"
9756,"C3",244799,"Rua Dario Vilares Barbosa, 76",843,"12/03/2023"
10812,"Ka",239511,"Praça Argemiro Alves de Sá, 946",542,"12/03/2023"
10260,"Zafira",133845,"Rua Filadélphia, 6",870,"12/03/2023"
3396,"Courier",258292,"Rua Filadélphia, 6",1150,"12/03/2023"
6936,"Corolla",259797,"Parque Luiz Carlos Prestes, 73",588,"12/03/2023"
8952,"Hilux",255067,"Avenida Onze de Junho, 65",925,"12/03/2023"
9924,"Parati",246661,"Alameda Ibiracemas, 32",650,"12/03/2023"
6036,"Onix",274071,"Rua Frei Galvão, 49",1001,"12/03/2023"
6396,"206",150003,"Parque Luiz Carlos Prestes, 73",1102,"12/03/2023"
11304,"Ecosport",180395,"Rua Carlos José de Castilho, 213",786,"12/03/2023"
8112,"Tracker",185447,"Rua General Costa Campos, 90",742,"12/03/2023"
4428,"Ka",125659,"Rua Filadélphia, 6",995,"12/03/2023"
9096,"Tracker",214450,"Rua Engenheiro Toledo Malta, 98",563,"12/03/2023"
5868,"Tracker",144507,"Rua Caiabu, 48",1028,"12/03/2023"
3240,"Tucson",144938,"Rua General Costa Campos, 90",628,"12/03/2023"
6168,"Tucson",249182,"Rua Dario Vilares Barbosa, 76",522,"12/03/2023"
6456,"HB20",194546,"Rua Delfino Casal de Rey, 39",739,"12/03/2023"
9036,"Onix",261191,"Rua Barão da Cunha de Araripe, 12",711,"12/03/2023"
6876,"Tucson",238773,"Rua Delfino Casal de Rey, 39",967,"12/03/2023"
180,"Punto",167144,"Rua Carlos José de Castilho, 213",532,"12/03/2023"
9456,"Onix",167378,"Rua Carneiro Leão, 45",1154,"12/03/2023"
1728,"Tracker",279023,"Rua Carlos José de Castilho, 213",517,"12/03/2023"
1980,"Golf",187724,"Rua Caiabu, 48",971,"12/03/2023"
9204,"Onix",124153,"Rua Delfino Casal de Rey, 39",960,"12/03/2023"
8052,"Ecosport",168142,"Praça Argemiro Alves de Sá, 946",836,"12/03/2023"
10008,"Fox",246717,"Avenida Onze de Junho, 65",610,"12/03/2023"
1344,"C3",152958,"Rua Eusébio da Silva, 40",730,"12/03/2023"
11040,"Ecosport",148008,"Rua Carneiro Leão, 45",1155,"12/03/2023"
10368,"Golf",161066,"Praça José Moreno, 24",946,"12/03/2023"
11172,"Hilux",202777,"Rua Eusébio da Silva, 40",1092,"12/03/2023"
1956,"206",128980,"Rua Carlos José de Castilho, 213",900,"12/03/2023"
10968,"Ecosport",287632,"Rua Caiabu, 48",944,"12/03/2023"
1032,"Hilux",165667,"Rua Eusébio da Silva, 40",838,"12/03/2023"
3540,"Hilux",161565,"Rua Caiabu, 48",586,"12/03/2023"
11076,"Corsa",174775,"Rua Dario Vilares Barbosa, 76",895,"12/03/2023"
11700,"Corsa",144303,"Praça José Moreno, 24",574,"12/03/2023"
1380,"Corolla",299666,"Praça Argemiro Alves de Sá, 946",1126,"12/03/2023"
8712,"Parati",245575,"Rua Caiabu, 48",575,"12/03/2023"
6204,"Golf",281611,"Avenida Onze de Junho, 65",1020,"12/03/2023"
132,"Corsa",154105,"Rua Aracari, 21",598,"12/03/2023"
9648,"Ka",227087,"Rua Emílio Baumgart, 41",917,"12/03/2023"
8448,"Corsa",145227,"Rua Desembargador Isnard dos Reis, 549",966,"12/03/2023"
900,"Tracker",189475,"Rua Emílio Baumgart, 41",1039,"12/03/2023"
11724,"Spin",152515,"Rua Emílio Baumgart, 41",746,"12/03/2023"
1224,"Pali",226926,"Parque Luiz Carlos Prestes, 73",911,"12/03/2023"
7200,"Corsa",205954,"Avenida Onze de Junho, 65",959,"12/03/2023"
9492,"Parati",143223,"Rua Caiabu, 48",857,"12/03/2023"
3768,"Tucson",274017,"Rua Delfino Casal de Rey, 39",1045,"12/03/2023"
204,"Tucson",170459,"Rua Brejo Alegre, 9",799,"12/03/2023"
10716,"Corsa",133079,"Rua Emílio Baumgart, 41",637,"12/03/2023"
10836,"Ecosport",132423,"Rua Emílio Baumgart, 41",891,"12/03/2023"
5928,"Tracker",252976,"Avenida Onze de Junho, 65",1053,"12/03/2023"
11436,"C3",266677,"Rua Aracari, 21",500,"12/03/2023"
648,"Golf",277308,"Rua Emílio Baumgart, 41",500,"12/03/2023"
7764,"Ka",128931,"Rua Engenheiro Toledo Malta, 98",823,"12/03/2023"
4296,"Ecosport",188449,"Rua Delfino Casal de Rey, 39",1033,"12/03/2023"
1272,"C3",217807,"Parque Luiz Carlos Prestes, 73",523,"12/03/2023"
5592,"Spin",226934,"Praça José Moreno, 24",1111,"12/03/2023"
2352,"Hilux",166433,"Rua Engenheiro Toledo Malta, 98",603,"12/03/2023"
2196,"Tucson",240169,"Rua Filadélphia, 6",567,"12/03/2023"
10584,"Corsa",121913,"Rua Carneiro Leão, 45",968,"12/03/2023"
4872,"Golf",256022,"Rua Dario Vilares Barbosa, 76",526,"12/03/2023"
11484,"Parati",147255,"Rua Delfino Casal de Rey, 39",750,"12/03/2023"
3456,"Civic",163659,"Rua Eusébio da Silva, 40",609,"12/03/2023"
4788,"Zafira",269720,"Rua Desembargador Isnard dos Reis, 549",580,"12/03/2023"
4392,"Civic",242234,"Praça José Moreno, 24",971,"12/03/2023"
7356,"Punto",219143,"Praça Argemiro Alves de Sá, 946",961,"12/03/2023"
1044,"Tracker",236064,"Avenida Onze de Junho, 65",548,"12/03/2023"
4344,"Parati",218460,"Alameda Ibiracemas, 32",1003,"12/03/2023"
5376,"Parati",135264,"Praça Argemiro Alves de Sá, 946",630,"12/03/2023"
4368,"Ecosport",261342,"Avenida Onze de Junho, 65",1046,"12/03/2023"
1992,"Civic",210620,"Rua Carneiro Leão, 45",812,"12/03/2023"
4608,"Parati",171196,"Praça Argemiro Alves de Sá, 946",960,"12/03/2023"
360,"Parati",219783,"Rua Carlos José de Castilho, 213",1139,"12/03/2023"
7740,"Ka",124343,"Rua Brejo Alegre, 9",996,"12/03/2023"
11088,"206",182370,"Rua Dario Vilares Barbosa, 76",788,"12/03/2023"
5664,"Onix",277674,"Praça Argemiro Alves de Sá, 946",1052,"12/03/2023"
6552,"Courier",179696,"Rua Eusébio da Silva, 40",972,"12/03/2023"
2772,"Hilux",240049,"Rua Emílio Baumgart, 41",542,"12/03/2023"
10512,"Civic",264705,"Rua Brejo Alegre, 9",553,"12/03/2023"
2940,"Corsa",250890,"Rua Brejo Alegre, 9",993,"12/03/2023"
6360,"206",144754,"Rua Carlos José de Castilho, 213",516,"12/03/2023"
8040,"Pali",140736,"Rua Aracari, 21",855,"12/03/2023"
11028,"206",192017,"Alameda Ibiracemas, 32",1122,"12/03/2023"
4080,"Fox",154266,"Rua Engenheiro Toledo Malta, 98",506,"12/03/2023"
4332,"Corolla",191635,"Praça José Moreno, 24",1107,"12/03/2023"
9516,"Parati",146877,"Rua Desembargador Isnard dos Reis, 549",524,"12/03/2023"
912,"Spin",267305,"Rua Carlos José de Castilho, 213",638,"12/03/2023"
5832,"Fox",227606,"Rua Carneiro Leão, 45",1067,"12/03/2023"
4512,"Tucson",136265,"Rua Dario Vilares Barbosa, 76",634,"12/03/2023"
2856,"Corsa",239778,"Alameda Ibiracemas, 32",794,"12/03/2023"
2460,"206",250587,"Rua Carneiro Leão, 45",718,"12/03/2023"
1836,"HB20",292005,"Praça Argemiro Alves de Sá, 946",1126,"12/03/2023"
11496,"Fox",170967,"Rua Barão da Cunha de Araripe, 12",939,"12/03/2023"
1164,"Corolla",250753,"Rua Eusébio da Silva, 40",582,"12/03/2023"
12,"Hilux",276392,"Parque Luiz Carlos Prestes, 73",838,"12/03/2023"
1056,"Parati",214006,"Rua Brejo Alegre, 9",814,"12/03/2023"
6480,"Zafira",263335,"Rua Engenheiro Toledo Malta, 98",941,"12/03/2023"
2436,"Tucson",288348,"Rua Carneiro Leão, 45",1135,"12/03/2023"
8220,"HB20",183718,"Rua Eusébio da Silva, 40",1023,"12/03/2023"
7044,"206",246413,"Rua Delfino Casal de Rey, 39",1003,"12/03/2023"
9192,"Fox",203824,"Rua Barão da Cunha de Araripe, 12",1018,"12/03/2023"
7488,"Golf",220780,"Rua Caiabu, 48",1155,"12/03/2023"
300,"Golf",267542,"Avenida Onze de Junho, 65",609,"12/03/2023"
2508,"Onix",133616,"Rua Brejo Alegre, 9",763,"12/03/2023"
5472,"Punto",125661,"Rua Carneiro Leão, 45",1114,"12/03/2023"
9936,"Ka",150187,"Parque Luiz Carlos Prestes, 73",1124,"12/03/2023"
24,"206",155249,"Rua Aracari, 21",502,"12/03/2023"
11904,"Courier",270861,"Rua Dario Vilares Barbosa, 76",853,"12/03/2023"
6948,"Pali",154607,"Rua Carneiro Leão, 45",625,"12/03/2023"
2928,"HB20",140476,"Avenida Onze de Junho, 65",654,"12/03/2023"
3840,"Onix",138772,"Rua Barão da Cunha de Araripe, 12",956,"12/03/2023"
2124,"Tucson",165468,"Rua Delfino Casal de Rey, 39",700,"12/03/2023"
1248,"Corsa",214684,"Rua Emílio Baumgart, 41",699,"12/03/2023"
2400,"Tracker",261825,"Rua Filadélphia, 6",510,"12/03/2023"
9132,"Corolla",252263,"Rua Barão da Cunha de Araripe, 12",883,"12/03/2023"
2388,"Fox",220339,"Rua Aracari, 21",724,"12/03/2023"
7680,"Punto",205686,"Rua Desembargador Isnard dos Reis, 549",819,"12/03/2023"
5112,"Spin",129397,"Avenida Onze de Junho, 65",1179,"12/03/2023"
1428,"Onix",247692,"Praça Argemiro Alves de Sá, 946",512,"12/03/2023"
7872,"Ecosport",295521,"Rua Aracari, 21",702,"12/03/2023"
1200,"Hilux",176443,"Rua Aracari, 21",640,"12/03/2023"
4704,"Corsa",249129,"Rua General Costa Campos, 90",1119,"12/03/2023"
5784,"Parati",241001,"Rua Dario Vilares Barbosa, 76",1135,"12/03/2023"
6264,"C3",138225,"Rua Carneiro Leão, 45",1038,"12/03/2023"
10500,"Hilux",272885,"Rua Filadélphia, 6",691,"12/03/2023"
5304,"Spin",232623,"Rua Eusébio da Silva, 40",636,"12/03/2023"
11640,"C3",263715,"Rua Dario Vilares Barbosa, 76",568,"12/03/2023"
7188,"Tracker",188681,"Alameda Ibiracemas, 32",1056,"12/03/2023"
6516,"Hilux",294516,"Rua Carlos José de Castilho, 213",632,"12/03/2023"
6276,"Corsa",215394,"Rua Filadélphia, 6",878,"12/03/2023"
432,"Ecosport",179300,"Rua General Costa Campos, 90",627,"12/03/2023"
6072,"206",223435,"Rua Desembargador Isnard dos Reis, 549",877,"12/03/2023"
9672,"HB20",290291,"Rua Delfino Casal de Rey, 39",679,"12/03/2023"
7296,"Pali",131576,"Avenida Onze de Junho, 65",1107,"12/03/2023"
8748,"Onix",175957,"Rua Delfino Casal de Rey, 39",823,"12/03/2023"
11364,"HB20",268462,"Rua Emílio Baumgart, 41",842,"12/03/2023"
11124,"Spin",208219,"Avenida Onze de Junho, 65",746,"12/03/2023"
2280,"Fox",201440,"Rua Desembargador Isnard dos Reis, 549",1013,"12/03/2023"
10776,"Parati",290379,"Parque Luiz Carlos Prestes, 73",1138,"12/03/2023"
1764,"Tucson",163247,"Rua Eusébio da Silva, 40",776,"12/03/2023"
11448,"HB20",140717,"Praça José Moreno, 24",1017,"12/03/2023"
4272,"Tracker",150702,"Avenida Onze de Junho, 65",1045,"12/03/2023"
2628,"Fox",164996,"Avenida Onze de Junho, 65",1129,"12/03/2023"
9264,"Fox",211365,"Praça Argemiro Alves de Sá, 946",960,"12/03/2023"
2700,"HB20",129757,"Avenida Onze de Junho, 65",948,"12/03/2023"
10608,"Civic",123468,"Rua Engenheiro Toledo Malta, 98",522,"12/03/2023"
4836,"Hilux",265864,"Rua Desembargador Isnard dos Reis, 549",990,"12/03/2023"
3648,"Spin",201364,"Rua Carlos José de Castilho, 213",776,"12/03/2023"
3984,"Golf",196589,"Praça José Moreno, 24",957,"12/03/2023"
7512,"Courier",273967,"Rua Eusébio da Silva, 40",1171,"12/03/2023"
1824,"206",187131,"Rua General Costa Campos, 90",1137,"12/03/2023"
372,"Zafira",140793,"Rua Frei Galvão, 49",1124,"12/03/2023"
8256,"Golf",224172,"Rua Aracari, 21",788,"12/03/2023"
6732,"Tracker",268985,"Parque Luiz Carlos Prestes, 73",622,"12/03/2023"
11388,"Onix",209944,"Rua Brejo Alegre, 9",729,"12/03/2023"
5496,"C3",217765,"Rua General Costa Campos, 90",633,"12/03/2023"
8856,"Golf",235076,"Rua Eusébio da Silva, 40",820,"12/03/2023"
1152,"HB20",187381,"Rua Barão da Cunha de Araripe, 12",1181,"12/03/2023"
9300,"Tucson",251785,"Rua Filadélphia, 6",1067,"12/03/2023"
888,"Ecosport",176956,"Rua Emílio Baumgart, 41",771,"12/03/2023"
4224,"Spin",226593,"Rua Frei Galvão, 49",793,"12/03/2023"
1080,"Tracker",290022,"Rua Aracari, 21",910,"12/03/2023"
5160,"Onix",218392,"Rua Engenheiro Toledo Malta, 98",553,"12/03/2023"
5628,"Punto",261936,"Alameda Ibiracemas, 32",772,"12/03/2023"
1416,"Ecosport",242853,"Rua Dario Vilares Barbosa, 76",962,"12/03/2023"
4956,"Zafira",200604,"Rua Barão da Cunha de Araripe, 12",999,"12/03/2023"
8844,"C3",170693,"Rua Filadélphia, 6",520,"12/03/2023"
5028,"Tracker",198698,"Alameda Ibiracemas, 32",525,"12/03/2023"
11184,"Tracker",260089,"Praça Argemiro Alves de Sá, 946",612,"12/03/2023"
6624,"HB20",169453,"Rua Carneiro Leão, 45",615,"12/03/2023"
3156,"Onix",213311,"Rua Dario Vilares Barbosa, 76",1105,"12/03/2023"
10536,"Golf",182802,"Praça Argemiro Alves de Sá, 946",864,"12/03/2023"
9588,"206",147374,"Rua Eusébio da Silva, 40",1080,"12/03/2023"
9144,"HB20",288926,"Praça José Moreno, 24",531,"12/03/2023"
10284,"Civic",169110,"Rua Frei Galvão, 49",1149,"12/03/2023"
3252,"Civic",242415,"Rua Filadélphia, 6",575,"12/03/2023"
1440,"Ka",204973,"Rua Desembargador Isnard dos Reis, 549",681,"12/03/2023"
8724,"Courier",245090,"Rua Carneiro Leão, 45",932,"12/03/2023"
11712,"Golf",188076,"Rua Brejo Alegre, 9",1145,"12/03/2023"
11352,"Tracker",144570,"Rua Desembargador Isnard dos Reis, 549",949,"12/03/2023"
3756,"Parati",175166,"Rua Frei Galvão, 49",677,"12/03/2023"
2832,"Ka",271772,"Praça Argemiro Alves de Sá, 946",945,"12/03/2023"
11340,"Hilux",292847,"Rua Caiabu, 48",600,"12/03/2023"
2556,"Corolla",146327,"Rua Eusébio da Silva, 40",995,"12/03/2023"
7452,"Spin",159880,"Parque Luiz Carlos Prestes, 73",733,"12/03/2023"
8316,"Corsa",275731,"Rua Eusébio da Silva, 40",794,"12/03/2023"
11688,"Tracker",278842,"Rua Barão da Cunha de Araripe, 12",641,"12/03/2023"
10992,"Hilux",229939,"Parque Luiz Carlos Prestes, 73",1113,"12/03/2023"
5724,"Corsa",239414,"Praça Argemiro Alves de Sá, 946",1197,"12/03/2023"
9552,"Ecosport",249186,"Rua Emílio Baumgart, 41",704,"12/03/2023"
4752,"Corolla",278219,"Praça Argemiro Alves de Sá, 946",1022,"12/03/2023"
4248,"Zafira",211637,"Rua Emílio Baumgart, 41",786,"12/03/2023"
10560,"Punto",130353,"Rua Emílio Baumgart, 41",534,"12/03/2023"
10092,"Hilux",149274,"Rua Carneiro Leão, 45",515,"12/03/2023"
4152,"Pali",134252,"Praça Argemiro Alves de Sá, 946",1108,"12/03/2023"
9696,"Fox",225388,"Rua Filadélphia, 6",723,"12/03/2023"
2448,"Civic",271257,"Alameda Ibiracemas, 32",1071,"12/03/2023"
11004,"Civic",286802,"Rua Delfino Casal de Rey, 39",539,"12/03/2023"
4140,"HB20",130751,"Rua Engenheiro Toledo Malta, 98",748,"12/03/2023"
4680,"206",144068,"Rua Engenheiro Toledo Malta, 98",1042,"12/03/2023"
10692,"Spin",282019,"Parque Luiz Carlos Prestes, 73",998,"12/03/2023"
8820,"Pali",275418,"Rua Dario Vilares Barbosa, 76",1100,"12/03/2023"
5448,"Tucson",125397,"Avenida Onze de Junho, 65",1138,"12/03/2023"
6300,"Tucson",182782,"Rua Engenheiro Toledo Malta, 98",663,"12/03/2023"
6708,"Golf",255550,"Rua Barão da Cunha de Araripe, 12",1125,"12/03/2023"
11820,"Golf",257451,"Rua Engenheiro Toledo Malta, 98",728,"12/03/2023"
9996,"HB20",127498,"Rua Desembargador Isnard dos Reis, 549",986,"12/03/2023"
10440,"Tucson",263583,"Rua General Costa Campos, 90",1161,"12/03/2023"
2712,"Corolla",283038,"Rua Caiabu, 48",1131,"12/03/2023"
6252,"Punto",157350,"Parque Luiz Carlos Prestes, 73",1115,"12/03/2023"
1632,"Corsa",245368,"Rua Caiabu, 48",507,"12/03/2023"
11520,"Onix",298789,"Rua Carlos José de Castilho, 213",667,"12/03/2023"
6348,"Golf",211733,"Rua Carlos José de Castilho, 213",950,"12/03/2023"
10392,"Punto",138962,"Rua Filadélphia, 6",855,"12/03/2023"
5952,"206",190278,"Rua Brejo Alegre, 9",600,"12/03/2023"
756,"Zafira",160135,"Rua Delfino Casal de Rey, 39",872,"12/03/2023"
10932,"206",151374,"Parque Luiz Carlos Prestes, 73",765,"12/03/2023"
11832,"Tucson",294970,"Parque Luiz Carlos Prestes, 73",1093,"12/03/2023"
1260,"Spin",137659,"Rua Frei Galvão, 49",630,"12/03/2023"
11628,"Fox",266679,"Rua Carneiro Leão, 45",525,"12/03/2023"
7572,"Golf",260351,"Rua Carlos José de Castilho, 213",775,"12/03/2023"
10236,"Spin",292984,"Rua Desembargador Isnard dos Reis, 549",577,"12/03/2023"
4572,"Hilux",220640,"Rua Engenheiro Toledo Malta, 98",617,"12/03/2023"
2256,"Onix",247598,"Rua Brejo Alegre, 9",706,"12/03/2023"
10824,"Golf",257592,"Rua Brejo Alegre, 9",552,"12/03/2023"
9252,"Courier",271542,"Rua Aracari, 21",524,"12/03/2023"
408,"Courier",171773,"Rua Filadélphia, 6",1040,"12/03/2023"
3384,"HB20",257689,"Rua Filadélphia, 6",580,"12/03/2023"
8580,"Corsa",246359,"Rua Desembargador Isnard dos Reis, 549",734,"12/03/2023"
9180,"Golf",270860,"Rua Dario Vilares Barbosa, 76",768,"12/03/2023"
9060,"Spin",264033,"Rua Carlos José de Castilho, 213",645,"12/03/2023"
2820,"Hilux",179350,"Rua Carlos José de Castilho, 213",572,"12/03/2023"
6720,"Parati",143681,"Praça José Moreno, 24",591,"12/03/2023"
8520,"Courier",183894,"Avenida Onze de Junho, 65",541,"12/03/2023"
7584,"Tracker",285038,"Rua Carneiro Leão, 45",1132,"12/03/2023"
7008,"Golf",223226,"Avenida Onze de Junho, 65",1132,"12/03/2023"
1128,"Ka",236908,"Rua Emílio Baumgart, 41",714,"12/03/2023"
10476,"Onix",227662,"Rua Dario Vilares Barbosa, 76",792,"12/03/2023"
2568,"Ka",238471,"Praça Argemiro Alves de Sá, 946",1008,"12/03/2023"
2532,"Hilux",127329,"Rua Carlos José de Castilho, 213",735,"12/03/2023"
3468,"Corolla",249316,"Praça Argemiro Alves de Sá, 946",1159,"12/03/2023"
10884,"C3",231297,"Alameda Ibiracemas, 32",911,"12/03/2023"
1884,"Tracker",258913,"Rua Filadélphia, 6",623,"12/03/2023"
5736,"Parati",174136,"Rua Frei Galvão, 49",592,"12/03/2023"
3516,"Tracker",120302,"Rua Eusébio da Silva, 40",638,"12/03/2023"
3636,"Civic",155049,"Rua Carneiro Leão, 45",935,"12/03/2023"
5712,"Pali",132941,"Rua Barão da Cunha de Araripe, 12",940,"12/03/2023"
4560,"Ka",284935,"Parque Luiz Carlos Prestes, 73",545,"12/03/2023"
5556,"C3",290853,"Rua Aracari, 21",900,"12/03/2023"
3168,"Golf",231426,"Rua Filadélphia, 6",516,"12/03/2023"
2892,"Hilux",132974,"Praça José Moreno, 24",864,"12/03/2023"
3972,"Zafira",264018,"Rua Brejo Alegre, 9",884,"12/03/2023"
3264,"Zafira",251248,"Rua Emílio Baumgart, 41",517,"12/03/2023"
1356,"Courier",130205,"Rua Caiabu, 48",747,"12/03/2023"
4968,"Punto",120978,"Rua Emílio Baumgart, 41",983,"12/03/2023"
3948,"Zafira",187280,"Parque Luiz Carlos Prestes, 73",692,"12/03/2023"
1020,"Golf",263788,"Alameda Ibiracemas, 32",793,"12/03/2023"
5976,"Corolla",160472,"Rua Carlos José de Castilho, 213",718,"12/03/2023"
3684,"Spin",241851,"Praça José Moreno, 24",845,"12/03/2023"
6612,"HB20",194513,"Praça Argemiro Alves de Sá, 946",857,"12/03/2023"
144,"C3",232587,"Avenida Onze de Junho, 65",1153,"12/03/2023"
4416,"Tucson",253240,"Rua Eusébio da Silva, 40",903,"12/03/2023"
10572,"HB20",289647,"Rua Brejo Alegre, 9",657,"12/03/2023"
3708,"Tracker",140098,"Rua Barão da Cunha de Araripe, 12",1121,"12/03/2023"
2808,"Hilux",154937,"Rua Aracari, 21",816,"12/03/2023"
1404,"Onix",158728,"Praça Argemiro Alves de Sá, 946",1108,"12/03/2023"
2088,"Golf",176872,"Rua Caiabu, 48",1140,"12/03/2023"
6912,"Pali",208158,"Rua Engenheiro Toledo Malta, 98",904,"12/03/2023"
264,"Onix",253407,"Rua Delfino Casal de Rey, 39",883,"12/03/2023"
3060,"Ecosport",251732,"Rua Dario Vilares Barbosa, 76",716,"12/03/2023"
10356,"Pali",287729,"Avenida Onze de Junho, 65",503,"12/03/2023"
3804,"Ka",223870,"Rua Brejo Alegre, 9",1120,"12/03/2023"
7920,"Corsa",197146,"Rua Frei Galvão, 49",1164,"12/03/2023"
5796,"Civic",289935,"Rua Emílio Baumgart, 41",535,"12/03/2023"
168,"Courier",236400,"Avenida Onze de Junho, 65",649,"12/03/2023"
9276,"Zafira",253127,"Rua Carneiro Leão, 45",568,"12/03/2023"
684,"206",299088,"Rua Carlos José de Castilho, 213",1035,"12/03/2023"
10032,"Ka",149732,"Rua Aracari, 21",800,"12/03/2023"
7368,"Spin",194090,"Rua Frei Galvão, 49",602,"12/03/2023"
792,"Onix",256198,"Rua Desembargador Isnard dos Reis, 549",856,"12/03/2023"
4404,"Courier",289049,"Rua Desembargador Isnard dos Reis, 549",731,"12/03/2023"
10152,"Tracker",139865,"Rua Emílio Baumgart, 41",952,"12/03/2023"
11292,"Punto",228025,"Alameda Ibiracemas, 32",887,"12/03/2023"
5040,"HB20",194132,"Rua Brejo Alegre, 9",658,"12/03/2023"
10140,"Civic",154373,"Rua Eusébio da Silva, 40",1069,"12/03/2023"
4632,"Parati",273673,"Rua Carlos José de Castilho, 213",754,"12/03/2023"
8592,"Spin",278148,"Praça José Moreno, 24",855,"12/03/2023"
11328,"Hilux",235275,"Rua Desembargador Isnard dos Reis, 549",889,"12/03/2023"
10548,"Corolla",164644,"Rua Delfino Casal de Rey, 39",1037,"12/03/2023"
6792,"Parati",242676,"Rua Eusébio da Silva, 40",1156,"12/03/2023"
11844,"Ka",216266,"Rua Barão da Cunha de Araripe, 12",601,"12/03/2023"
1800,"Corsa",131445,"Praça Argemiro Alves de Sá, 946",805,"12/03/2023"
4764,"Hilux",299442,"Rua Aracari, 21",677,"12/03/2023"
4548,"Spin",248590,"Rua Carlos José de Castilho, 213",810,"12/03/2023"
10740,"Onix",237044,"Rua Aracari, 21",559,"12/03/2023"
48,"Corolla",205618,"Rua Frei Galvão, 49",1189,"12/03/2023"
11568,"Hilux",266540,"Rua Eusébio da Silva, 40",663,"12/03/2023"
3696,"Hilux",121745,"Rua Emílio Baumgart, 41",1190,"12/03/2023"
3996,"206",190422,"Rua Desembargador Isnard dos Reis, 549",764,"12/03/2023"
8700,"Corsa",123695,"Avenida Onze de Junho, 65",1122,"12/03/2023"
2868,"C3",248665,"Praça José Moreno, 24",780,"12/03/2023"
228,"Courier",188994,"Rua Brejo Alegre, 9",1013,"12/03/2023"
9540,"Punto",294698,"Rua Filadélphia, 6",598,"12/03/2023"
3312,"Tucson",286837,"Parque Luiz Carlos Prestes, 73",1111,"12/03/2023"
9624,"Corsa",294269,"Rua General Costa Campos, 90",596,"12/03/2023"
1872,"Ecosport",217495,"Rua Carneiro Leão, 45",986,"12/03/2023"
11544,"Courier",261784,"Rua Caiabu, 48",542,"12/03/2023"
8616,"Punto",220896,"Rua Carlos José de Castilho, 213",542,"12/03/2023"
5316,"Golf",231129,"Rua Caiabu, 48",1088,"12/03/2023"
10860,"Tracker",197218,"Rua Caiabu, 48",1156,"12/03/2023"
5364,"Corolla",276876,"Rua Emílio Baumgart, 41",592,"12/03/2023"
3216,"Punto",155172,"Rua Dario Vilares Barbosa, 76",790,"12/03/2023"
9804,"Tucson",148464,"Praça Argemiro Alves de Sá, 946",570,"12/03/2023"
5820,"Golf",289430,"Rua Caiabu, 48",566,"12/03/2023"
9336,"Tracker",147649,"Rua Eusébio da Silva, 40",873,"12/03/2023"
6012,"Civic",164374,"Avenida Onze de Junho, 65",1153,"12/03/2023"
7896,"Onix",131534,"Rua Engenheiro Toledo Malta, 98",694,"12/03/2023"
4740,"Fox",171638,"Rua Eusébio da Silva, 40",1051,"12/03/2023"
7464,"Zafira",259075,"Rua Frei Galvão, 49",1192,"12/03/2023"
420,"Corsa",130391,"Rua Dario Vilares Barbosa, 76",1057,"12/03/2023"
5184,"Punto",150292,"Rua Frei Galvão, 49",965,"12/03/2023"
2424,"Civic",126333,"Rua Desembargador Isnard dos Reis, 549",974,"12/03/2023"
1668,"Corolla",201053,"Rua Carneiro Leão, 45",718,"12/03/2023"
2376,"Civic",176544,"Praça José Moreno, 24",599,"12/03/2023"
5232,"Tracker",254680,"Rua Eusébio da Silva, 40",642,"12/03/2023"
7152,"Punto",154649,"Rua Brejo Alegre, 9",606,"12/03/2023"
4464,"Corsa",258468,"Rua Barão da Cunha de Araripe, 12",701,"12/03/2023"
7536,"206",218317,"Rua Engenheiro Toledo Malta, 98",703,"12/03/2023"
7056,"Hilux",258847,"Rua Emílio Baumgart, 41",1186,"12/03/2023"
8904,"Tracker",176474,"Alameda Ibiracemas, 32",666,"12/03/2023"
1512,"Hilux",129663,"Rua Frei Galvão, 49",984,"12/03/2023"
2364,"Ka",247377,"Rua Engenheiro Toledo Malta, 98",812,"12/03/2023"
10632,"Corsa",234980,"Rua Barão da Cunha de Araripe, 12",697,"12/03/2023"
588,"Ka",221266,"Rua Filadélphia, 6",779,"12/03/2023"
480,"206",131676,"Rua Brejo Alegre, 9",787,"12/03/2023"
11196,"Corolla",233085,"Rua Dario Vilares Barbosa, 76",1162,"12/03/2023"
1944,"Zafira",218601,"Rua Emílio Baumgart, 41",1068,"12/03/2023"
4536,"Pali",288607,"Parque Luiz Carlos Prestes, 73",1052,"12/03/2023"
9384,"Onix",146323,"Rua Emílio Baumgart, 41",1116,"12/03/2023"
9984,"Corsa",270913,"Rua Desembargador Isnard dos Reis, 549",1056,"12/03/2023"
6972,"206",195979,"Rua Filadélphia, 6",1146,"12/03/2023"
6768,"C3",122805,"Avenida Onze de Junho, 65",815,"12/03/2023"
2220,"Parati",133521,"Rua General Costa Campos, 90",619,"12/03/2023"
6144,"HB20",188717,"Rua Frei Galvão, 49",937,"12/03/2023"
10416,"C3",295831,"Rua Brejo Alegre, 9",565,"12/03/2023"
10848,"Golf",181163,"Rua Engenheiro Toledo Malta, 98",758,"12/03/2023"
11052,"Tracker",133049,"Avenida Onze de Junho, 65",527,"12/03/2023"
11148,"Onix",169542,"Alameda Ibiracemas, 32",627,"12/03/2023"
7080,"Spin",249073,"Rua Barão da Cunha de Araripe, 12",1123,"12/03/2023"
8640,"Onix",173873,"Rua Carlos José de Castilho, 213",695,"12/03/2023"
5964,"Courier",131960,"Rua Emílio Baumgart, 41",973,"12/03/2023"
1452,"Ecosport",173187,"Rua Brejo Alegre, 9",679,"12/03/2023"
8976,"Ka",241788,"Rua Engenheiro Toledo Malta, 98",1102,"12/03/2023"
4452,"Courier",262451,"Rua Frei Galvão, 49",749,"12/03/2023"
6804,"Corolla",191370,"Rua Barão da Cunha de Araripe, 12",663,"12/03/2023"
1296,"Tracker",140751,"Rua Caiabu, 48",629,"12/03/2023"
3960,"Ka",140891,"Rua Frei Galvão, 49",917,"12/03/2023"
5148,"Pali",223838,"Rua Dario Vilares Barbosa, 76",770,"12/03/2023"
11736,"206",268251,"Praça José Moreno, 24",508,"12/03/2023"
2268,"Civic",131635,"Rua Emílio Baumgart, 41",767,"12/03/2023"
564,"Pali",128437,"Rua Emílio Baumgart, 41",612,"12/03/2023"
7128,"Tracker",171110,"Rua Carlos José de Castilho, 213",1074,"12/03/2023"
72,"Tracker",270099,"Praça José Moreno, 24",984,"12/03/2023"
948,"206",178256,"Avenida Onze de Junho, 65",1031,"12/03/2023"
7596,"Ecosport",298363,"Alameda Ibiracemas, 32",939,"12/03/2023"
1644,"Spin",135538,"Rua Frei Galvão, 49",814,"12/03/2023"
5544,"Tucson",255928,"Rua Carlos José de Castilho, 213",782,"12/03/2023"
4440,"Hilux",179286,"Rua Barão da Cunha de Araripe, 12",906,"12/03/2023"
4500,"Corolla",148280,"Parque Luiz Carlos Prestes, 73",758,"12/03/2023"
5988,"Pali",279494,"Rua Caiabu, 48",539,"12/03/2023"
972,"Ecosport",263356,"Rua Dario Vilares Barbosa, 76",634,"12/03/2023"
9816,"C3",149834,"Rua General Costa Campos, 90",1101,"12/03/2023"
5748,"Corolla",215134,"Alameda Ibiracemas, 32",858,"12/03/2023"
6132,"Golf",264208,"Parque Luiz Carlos Prestes, 73",537,"12/03/2023"
10752,"C3",290920,"Avenida Onze de Junho, 65",872,"12/03/2023"
8556,"Onix",257483,"Avenida Onze de Junho, 65",595,"12/03/2023"
9108,"Corsa",190320,"Rua Barão da Cunha de Araripe, 12",922,"12/03/2023"
10800,"Corsa",289367,"Rua Caiabu, 48",861,"12/03/2023"
252,"206",196412,"Rua Filadélphia, 6",744,"12/03/2023"
552,"Ecosport",181797,"Avenida Onze de Junho, 65",874,"12/03/2023"
672,"Pali",187038,"Rua Barão da Cunha de Araripe, 12",999,"12/03/2023"
8892,"Zafira",136980,"Alameda Ibiracemas, 32",909,"12/03/2023"
2064,"Tracker",124580,"Rua Desembargador Isnard dos Reis, 549",876,"12/03/2023"
9396,"Corsa",210285,"Rua Brejo Alegre, 9",1000,"12/03/2023"
4812,"206",248999,"Rua Desembargador Isnard dos Reis, 549",1162,"12/03/2023"
3480,"C3",235601,"Praça Argemiro Alves de Sá, 946",789,"12/03/2023"
5568,"C3",200360,"Rua Aracari, 21",957,"12/03/2023"
1932,"Ka",219846,"Rua Brejo Alegre, 9",701,"12/03/2023"
9420,"Pali",145233,"Rua General Costa Campos, 90",955,"12/03/2023"
1500,"Hilux",297763,"Avenida Onze de Junho, 65",777,"12/03/2023"
7212,"Courier",137678,"Parque Luiz Carlos Prestes, 73",675,"12/03/2023"
576,"HB20",172574,"Rua Delfino Casal de Rey, 39",1000,"12/03/2023"
3096,"Hilux",228799,"Rua Dario Vilares Barbosa, 76",564,"12/03/2023"
7224,"Hilux",193800,"Rua Aracari, 21",736,"12/03/2023"
3792,"Spin",286252,"Rua Eusébio da Silva, 40",503,"12/03/2023"
8184,"Civic",205315,"Rua Carlos José de Castilho, 213",917,"12/03/2023"
3600,"Fox",156452,"Avenida Onze de Junho, 65",1126,"12/03/2023"
7332,"Ka",134264,"Rua Brejo Alegre, 9",937,"12/03/2023"
5352,"Corsa",266666,"Alameda Ibiracemas, 32",915,"12/03/2023"
384,"Tucson",144745,"Praça José Moreno, 24",582,"12/03/2023"
60,"206",146884,"Rua Filadélphia, 6",1178,"12/03/2023"
8784,"Civic",153226,"Rua Engenheiro Toledo Malta, 98",622,"12/03/2023"
4992,"Hilux",200812,"Rua Engenheiro Toledo Malta, 98",1184,"12/03/2023"
4848,"Corolla",282080,"Praça José Moreno, 24",791,"12/03/2023"
9960,"Spin",131112,"Rua Emílio Baumgart, 41",1192,"12/03/2023"
2340,"Spin",206804,"Praça José Moreno, 24",591,"12/03/2023"
9156,"206",260687,"Rua Eusébio da Silva, 40",775,"12/03/2023"
8292,"C3",152773,"Rua Brejo Alegre, 9",949,"12/03/2023"
3120,"Zafira",126079,"Rua Barão da Cunha de Araripe, 12",773,"12/03/2023"
1752,"Pali",177560,"Rua Frei Galvão, 49",1031,"12/03/2023"
3564,"Courier",295423,"Rua Desembargador Isnard dos Reis, 549",1168,"12/03/2023"
9216,"Tucson",233500,"Rua Eusébio da Silva, 40",618,"12/03/2023"
4920,"Golf",269076,"Rua Caiabu, 48",844,"12/03/2023"
9912,"Corolla",298470,"Alameda Ibiracemas, 32",743,"12/03/2023"
1584,"Tracker",284825,"Rua Delfino Casal de Rey, 39",576,"12/03/2023"
4620,"Parati",236117,"Praça Argemiro Alves de Sá, 946",890,"12/03/2023"
11988,"Corsa",222658,"Rua Barão da Cunha de Araripe, 12",910,"12/03/2023"
6120,"Tucson",256799,"Rua Brejo Alegre, 9",556,"12/03/2023"
6864,"206",220849,"Rua Eusébio da Silva, 40",524,"12/03/2023"
2688,"Tucson",223988,"Praça José Moreno, 24",1075,"12/03/2023"
348,"Onix",251764,"Rua Dario Vilares Barbosa, 76",578,"12/03/2023"
6108,"Ecosport",211437,"Rua Emílio Baumgart, 41",927,"12/03/2023"
7908,"Spin",265295,"Rua Engenheiro Toledo Malta, 98",813,"12/03/2023"
1692,"Pali",200321,"Rua Delfino Casal de Rey, 39",906,"12/03/2023"
10908,"Zafira",124003,"Rua Desembargador Isnard dos Reis, 549",520,"12/03/2023"
1104,"Parati",242133,"Praça Argemiro Alves de Sá, 946",871,"12/03/2023"
7848,"Tucson",268091,"Alameda Ibiracemas, 32",720,"12/03/2023"
3828,"Courier",163402,"Rua Emílio Baumgart, 41",1030,"12/03/2023"
8664,"Punto",237832,"Alameda Ibiracemas, 32",673,"12/03/2023"
10248,"Civic",150818,"Rua Frei Galvão, 49",584,"12/03/2023"
5652,"Ka",270023,"Rua Dario Vilares Barbosa, 76",500,"12/03/2023"
7836,"Ecosport",226858,"Parque Luiz Carlos Prestes, 73",860,"12/03/2023"
6888,"206",235625,"Rua Barão da Cunha de Araripe, 12",826,"12/03/2023"
9360,"Courier",173430,"Rua Carneiro Leão, 45",569,"12/03/2023"
1332,"Civic",227035,"Rua Engenheiro Toledo Malta, 98",1011,"12/03/2023"
3144,"Ecosport",142017,"Rua Caiabu, 48",978,"12/03/2023"
9852,"Corsa",223144,"Rua Emílio Baumgart, 41",524,"12/03/2023"
396,"Tracker",181092,"Rua Carlos José de Castilho, 213",512,"12/03/2023"
7824,"HB20",269061,"Rua Dario Vilares Barbosa, 76",1047,"12/03/2023"
2484,"C3",197957,"Praça Argemiro Alves de Sá, 946",1184,"12/03/2023"
8268,"Zafira",205026,"Rua Engenheiro Toledo Malta, 98",517,"12/03/2023"
3744,"Ka",204023,"Rua Emílio Baumgart, 41",532,"12/03/2023"
2328,"Tracker",142905,"Rua Delfino Casal de Rey, 39",1069,"12/03/2023"
11928,"206",146318,"Rua Aracari, 21",1181,"12/03/2023"
5052,"Courier",244851,"Rua Carneiro Leão, 45",1155,"12/03/2023"
3288,"Corolla",269101,"Rua Emílio Baumgart, 41",927,"12/03/2023"
9048,"Civic",139556,"Parque Luiz Carlos Prestes, 73",1022,"12/03/2023"
120,"Ka",276518,"Praça Argemiro Alves de Sá, 946",623,"12/03/2023"
1848,"Tucson",210599,"Rua General Costa Campos, 90",985,"12/03/2023"
2040,"Parati",266005,"Praça Argemiro Alves de Sá, 946",965,"12/03/2023"
6696,"Corolla",148863,"Praça Argemiro Alves de Sá, 946",1141,"12/03/2023"
744,"Parati",278210,"Rua Eusébio da Silva, 40",564,"12/03/2023"
2172,"Ecosport",136116,"Rua Delfino Casal de Rey, 39",1138,"12/03/2023"
2292,"Onix",275238,"Rua Brejo Alegre, 9",582,"12/03/2023"
7104,"Golf",214189,"Rua Frei Galvão, 49",1117,"12/03/2023"
2796,"Ka",182577,"Rua Dario Vilares Barbosa, 76",797,"12/03/2023"
2016,"Punto",225837,"Parque Luiz Carlos Prestes, 73",1153,"12/03/2023"
10464,"Pali",294727,"Rua Emílio Baumgart, 41",528,"12/03/2023"
4476,"Onix",230076,"Rua Filadélphia, 6",571,"12/03/2023"
1368,"Pali",219989,"Rua Emílio Baumgart, 41",845,"12/03/2023"
9432,"C3",125067,"Rua Eusébio da Silva, 40",1028,"12/03/2023"
9900,"Onix",160236,"Rua Filadélphia, 6",899,"12/03/2023"
10080,"Courier",220449,"Rua General Costa Campos, 90",586,"12/03/2023"
3300,"Tucson",178106,"Rua Caiabu, 48",1144,"12/03/2023"
9024,"Ecosport",272847,"Rua Aracari, 21",837,"12/03/2023"
2964,"C3",149792,"Rua General Costa Campos, 90",641,"12/03/2023"
11964,"206",224117,"Rua Engenheiro Toledo Malta, 98",983,"12/03/2023"
9468,"Courier",196753,"Praça Argemiro Alves de Sá, 946",835,"12/03/2023"
2904,"Corsa",229327,"Rua Eusébio da Silva, 40",536,"12/03/2023"
10212,"Ecosport",122538,"Rua Emílio Baumgart, 41",522,"12/03/2023"
10344,"Civic",226247,"Praça Argemiro Alves de Sá, 946",1054,"12/03/2023"
996,"Courier",264184,"Parque Luiz Carlos Prestes, 73",745,"12/03/2023"
816,"HB20",274629,"Rua General Costa Campos, 90",1072,"12/03/2023"
11808,"Hilux",177909,"Rua General Costa Campos, 90",508,"12/03/2023"
5124,"Zafira",139471,"Rua Eusébio da Silva, 40",613,"12/03/2023"
1176,"Zafira",240332,"Rua Eusébio da Silva, 40",741,"12/03/2023"
5196,"Corsa",159303,"Rua Carlos José de Castilho, 213",808,"12/03/2023"
1116,"Corsa",144829,"Rua Filadélphia, 6",900,"12/03/2023"
3084,"Fox",163273,"Rua Aracari, 21",540,"12/03/2023"
5208,"C3",185384,"Rua Dario Vilares Barbosa, 76",1072,"12/03/2023"
6660,"Corolla",130978,"Alameda Ibiracemas, 32",1115,"12/03/2023"
6156,"Hilux",123606,"Alameda Ibiracemas, 32",1120,"12/03/2023"
7776,"Zafira",283732,"Rua Carneiro Leão, 45",965,"12/03/2023"
11244,"Corsa",297067,"Rua Eusébio da Silva, 40",1044,"12/03/2023"
6192,"Tucson",287782,"Praça Argemiro Alves de Sá, 946",519,"12/03/2023"
7116,"Ka",203561,"Alameda Ibiracemas, 32",798,"12/03/2023"
456,"Onix",172344,"Rua Barão da Cunha de Araripe, 12",1036,"12/03/2023"
4896,"C3",228807,"Rua Engenheiro Toledo Malta, 98",1005,"12/03/2023"
3012,"Parati",264903,"Rua Desembargador Isnard dos Reis, 549",775,"12/03/2023"
2112,"Corsa",204150,"Rua Engenheiro Toledo Malta, 98",931,"12/03/2023"
6684,"Parati",278347,"Praça José Moreno, 24",851,"12/03/2023"
6600,"Hilux",131192,"Praça Argemiro Alves de Sá, 946",1092,"12/03/2023"
9084,"Onix",156260,"Rua Filadélphia, 6",783,"12/03/2023"
8880,"Ka",135010,"Rua Engenheiro Toledo Malta, 98",664,"12/03/2023"
10020,"Fox",141764,"Rua Filadélphia, 6",1096,"12/03/2023"
8868,"206",132036,"Rua Eusébio da Silva, 40",874,"12/03/2023"
6228,"Punto",173986,"Praça José Moreno, 24",1157,"12/03/2023"
8916,"Zafira",124783,"Rua Desembargador Isnard dos Reis, 549",780,"12/03/2023"
7524,"Hilux",271004,"Praça José Moreno, 24",1139,"12/03/2023"
6576,"Corsa",263644,"Rua Dario Vilares Barbosa, 76",629,"12/03/2023"
5436,"Tucson",251432,"Rua General Costa Campos, 90",668,"12/03/2023"
5136,"Onix",178832,"Rua Barão da Cunha de Araripe, 12",1018,"12/03/2023"
6636,"Corsa",284817,"Rua Aracari, 21",505,"12/03/2023"
8004,"Pali",144750,"Rua Barão da Cunha de Araripe, 12",1076,"12/03/2023"
696,"206",293309,"Rua Emílio Baumgart, 41",1130,"12/03/2023"
936,"Spin",137907,"Rua Delfino Casal de Rey, 39",1054,"12/03/2023"
660,"Ecosport",181735,"Rua Frei Galvão, 49",761,"12/03/2023"
2640,"Ka",227086,"Rua Filadélphia, 6",844,"12/03/2023"
11772,"Ecosport",286129,"Alameda Ibiracemas, 32",768,"12/03/2023"
7092,"Ka",232384,"Rua Desembargador Isnard dos Reis, 549",1199,"12/03/2023"
8160,"Corsa",126975,"Rua Dario Vilares Barbosa, 76",714,"12/03/2023"
10980,"Corolla",229976,"Rua Engenheiro Toledo Malta, 98",1016,"12/03/2023"
9864,"C3",139213,"Rua Caiabu, 48",833,"12/03/2023"
5280,"Corolla",149304,"Rua General Costa Campos, 90",1158,"12/03/2023"
9564,"Tracker",272925,"Rua Engenheiro Toledo Malta, 98",860,"12/03/2023"
7416,"Tucson",214326,"Praça José Moreno, 24",893,"12/03/2023"
11604,"Corsa",127639,"Rua Desembargador Isnard dos Reis, 549",1088,"12/03/2023"
11796,"Punto",248593,"Rua Filadélphia, 6",563,"12/03/2023"
11664,"Golf",263098,"Rua Eusébio da Silva, 40",613,"12/03/2023"
10428,"Punto",172684,"Rua Carneiro Leão, 45",541,"12/03/2023"
7248,"HB20",138141,"Rua Dario Vilares Barbosa, 76",839,"12/03/2023"
7800,"Fox",170096,"Rua General Costa Campos, 90",1023,"12/03/2023"
10596,"Courier",228601,"Rua Aracari, 21",574,"12/03/2023"
7404,"Spin",276190,"Rua General Costa Campos, 90",736,"12/03/2023"
7788,"Golf",127771,"Rua Frei Galvão, 49",553,"12/03/2023"
36,"Ecosport",212429,"Praça Argemiro Alves de Sá, 946",652,"12/03/2023"
2232,"Golf",146307,"Alameda Ibiracemas, 32",893,"12/03/2023"
852,"Ecosport",123041,"Rua Delfino Casal de Rey, 39",849,"12/03/2023"
2028,"Fox",208719,"Rua Dario Vilares Barbosa, 76",1023,"12/03/2023"
4176,"Ecosport",129641,"Parque Luiz Carlos Prestes, 73",701,"12/03/2023"
8328,"Zafira",275949,"Rua Carneiro Leão, 45",641,"12/03/2023"
3888,"Ecosport",290225,"Rua Aracari, 21",704,"12/03/2023"
7728,"Pali",271712,"Rua Carneiro Leão, 45",1089,"12/03/2023"
8652,"Onix",150043,"Rua Carneiro Leão, 45",529,"12/03/2023"
1488,"Zafira",219776,"Rua Aracari, 21",1085,"12/03/2023"
780,"Fox",154933,"Praça Argemiro Alves de Sá, 946",803,"12/03/2023"
10896,"Spin",275138,"Praça José Moreno, 24",1086,"12/03/2023"
3720,"Zafira",220925,"Rua Engenheiro Toledo Malta, 98",689,"12/03/2023"
8232,"Fox",183171,"Rua Brejo Alegre, 9",536,"12/03/2023"
2100,"Spin",228341,"Rua Aracari, 21",662,"12/03/2023"
1236,"Punto",210741,"Parque Luiz Carlos Prestes, 73",649,"12/03/2023"
1608,"C3",250480,"Rua Delfino Casal de Rey, 39",1101,"12/03/2023"
11652,"Civic",144786,"Rua Aracari, 21",1017,"12/03/2023"
156,"Fox",214598,"Praça Argemiro Alves de Sá, 946",1095,"12/03/2023"
5220,"Ka",283513,"Rua Carlos José de Castilho, 213",946,"12/03/2023"
4932,"Golf",168626,"Rua Carlos José de Castilho, 213",559,"12/03/2023"
5760,"Tucson",259319,"Rua Eusébio da Silva, 40",1001,"12/03/2023"
2580,"Fox",264301,"Praça Argemiro Alves de Sá, 946",900,"12/03/2023"
1812,"Ka",129383,"Rua Delfino Casal de Rey, 39",513,"12/03/2023"
6996,"Courier",299641,"Rua Desembargador Isnard dos Reis, 549",824,"12/03/2023"
10704,"Zafira",190492,"Parque Luiz Carlos Prestes, 73",808,"12/03/2023"
11220,"Ka",273926,"Rua Frei Galvão, 49",504,"12/03/2023"
7692,"Ecosport",194540,"Rua Filadélphia, 6",535,"12/03/2023"
4032,"Zafira",177163,"Rua Desembargador Isnard dos Reis, 549",1098,"12/03/2023"
11976,"Tracker",166093,"Rua Caiabu, 48",688,"12/03/2023"
5904,"Tucson",265949,"Praça José Moreno, 24",1142,"12/03/2023"
5088,"Onix",140474,"Rua Carneiro Leão, 45",1074,"12/03/2023"
1596,"HB20",267116,"Rua Delfino Casal de Rey, 39",1185,"12/03/2023"
11892,"Corolla",136535,"Rua Brejo Alegre, 9",801,"12/03/2023"
3024,"Parati",172347,"Rua Frei Galvão, 49",1034,"12/03/2023"
6468,"Zafira",259769,"Rua Frei Galvão, 49",936,"12/03/2023"
7716,"Courier",237252,"Rua Desembargador Isnard dos Reis, 549",668,"12/03/2023"
4584,"Courier",182704,"Alameda Ibiracemas, 32",1027,"12/03/2023"
8208,"Hilux",277312,"Praça Argemiro Alves de Sá, 946",783,"12/03/2023"
4020,"Corolla",185151,"Rua Carneiro Leão, 45",1030,"12/03/2023"
9600,"Ecosport",231388,"Rua Aracari, 21",1171,"12/03/2023"
11508,"Corsa",268309,"Rua Dario Vilares Barbosa, 76",1115,"12/03/2023"
4188,"Courier",210601,"Praça José Moreno, 24",683,"12/03/2023"
7656,"Zafira",269446,"Rua Desembargador Isnard dos Reis, 549",554,"12/03/2023"
9876,"Courier",241745,"Rua Carneiro Leão, 45",584,"12/03/2023"
3660,"HB20",254356,"Rua General Costa Campos, 90",1168,"12/03/2023"
8964,"Parati",127626,"Rua Eusébio da Silva, 40",909,"12/03/2023"
2076,"Corolla",140542,"Rua Aracari, 21",793,"12/03/2023"
504,"Corolla",223765,"Rua Aracari, 21",1095,"12/03/2023"
6744,"Onix",197827,"Praça Argemiro Alves de Sá, 946",1075,"12/03/2023"
8076,"Hilux",126966,"Praça José Moreno, 24",635,"12/03/2023"
5892,"Courier",149224,"Rua Carneiro Leão, 45",1075,"12/03/2023"
5244,"Spin",230021,"Rua Brejo Alegre, 9",975,"12/03/2023"
4008,"HB20",237211,"Rua Brejo Alegre, 9",1099,"12/03/2023"
4308,"Tracker",141346,"Avenida Onze de Junho, 65",547,"12/03/2023"
7956,"Tracker",276733,"Rua Carneiro Leão, 45",1076,"12/03/2023"
7284,"Zafira",251637,"Rua Caiabu, 48",1013,"12/03/2023"
6780,"Courier",236711,"Rua Eusébio da Silva, 40",979,"12/03/2023"
2052,"Tracker",195056,"Rua Dario Vilares Barbosa, 76",591,"12/03/2023"
8280,"Tracker",268642,"Rua Desembargador Isnard dos Reis, 549",566,"12/03/2023"
8400,"Corolla",296057,"Rua Caiabu, 48",544,"12/03/2023"
9324,"Civic",227517,"Rua Dario Vilares Barbosa, 76",754,"12/03/2023"
7548,"206",124293,"Rua Carneiro Leão, 45",941,"12/03/2023"
3624,"Parati",288108,"Rua Carlos José de Castilho, 213",1161,"12/03/2023"
1548,"Fox",209965,"Rua General Costa Campos, 90",852,"12/03/2023"
6756,"Civic",206491,"Rua Desembargador Isnard dos Reis, 549",722,"12/03/2023"
4056,"Parati",235901,"Rua Engenheiro Toledo Malta, 98",887,"12/03/2023"
288,"Punto",131187,"Rua Carlos José de Castilho, 213",1002,"12/03/2023"
3552,"Fox",122154,"Rua Delfino Casal de Rey, 39",1050,"12/03/2023"
864,"Zafira",149456,"Rua Engenheiro Toledo Malta, 98",979,"12/03/2023"
492,"Civic",288887,"Rua Dario Vilares Barbosa, 76",1172,"12/03/2023"
11856,"Tracker",143606,"Rua Brejo Alegre, 9",522,"12/03/2023"
5328,"HB20",203299,"Parque Luiz Carlos Prestes, 73",609,"12/03/2023"
1092,"Fox",283316,"Rua Frei Galvão, 49",661,"12/03/2023"
4164,"Civic",182241,"Rua Barão da Cunha de Araripe, 12",736,"12/03/2023"
5808,"Corolla",277569,"Rua Carneiro Leão, 45",545,"12/03/2023"
8604,"Parati",272063,"Rua Barão da Cunha de Araripe, 12",757,"12/03/2023"
11064,"Spin",125968,"Rua Emílio Baumgart, 41",870,"12/03/2023"
3072,"Civic",158553,"Praça Argemiro Alves de Sá, 946",516,"12/03/2023"
5172,"Golf",131336,"Rua Brejo Alegre, 9",741,"12/03/2023"
7164,"Onix",143057,"Rua Filadélphia, 6",848,"12/03/2023"
8016,"Golf",214123,"Parque Luiz Carlos Prestes, 73",1017,"12/03/2023"
11136,"Civic",275889,"Avenida Onze de Junho, 65",940,"12/03/2023"
840,"Zafira",272790,"Parque Luiz Carlos Prestes, 73",997,"12/03/2023"
5424,"Tucson",262576,"Rua Barão da Cunha de Araripe, 12",1090,"12/03/2023"
3816,"Golf",142107,"Rua Carneiro Leão, 45",1082,"12/03/2023"
10728,"HB20",219444,"Praça Argemiro Alves de Sá, 946",1107,"12/03/2023"
8136,"Corolla",131638,"Praça José Moreno, 24",1161,"12/03/2023"
6504,"Spin",128104,"Rua Barão da Cunha de Araripe, 12",642,"12/03/2023"
6816,"Corsa",203766,"Praça Argemiro Alves de Sá, 946",1071,"12/03/2023"
10104,"Punto",186850,"Rua Delfino Casal de Rey, 39",608,"12/03/2023"
4116,"Ecosport",273990,"Alameda Ibiracemas, 32",728,"12/03/2023"
10296,"Hilux",145939,"Parque Luiz Carlos Prestes, 73",797,"12/03/2023"
2724,"206",291240,"Rua Eusébio da Silva, 40",942,"12/03/2023"
8532,"Onix",275375,"Rua Engenheiro Toledo Malta, 98",1177,"12/03/2023"
9372,"Civic",222302,"Praça Argemiro Alves de Sá, 946",824,"12/03/2023"
8628,"C3",200775,"Rua Frei Galvão, 49",716,"12/03/2023"
8244,"Fox",160487,"Rua Emílio Baumgart, 41",664,"12/03/2023"
7260,"Zafira",227044,"Rua Filadélphia, 6",1076,"12/03/2023"
1656,"Punto",135290,"Rua Dario Vilares Barbosa, 76",1006,"12/03/2023"
5460,"Golf",288836,"Rua Filadélphia, 6",918,"12/03/2023"
5700,"Corolla",126291,"Rua Delfino Casal de Rey, 39",637,"12/03/2023"
6048,"Civic",295831,"Rua Carneiro Leão, 45",805,"12/03/2023"
3108,"Onix",226562,"Alameda Ibiracemas, 32",1055,"12/03/2023"
3372,"Courier",146916,"Rua Frei Galvão, 49",1067,"12/03/2023"
11268,"Parati",144318,"Rua Eusébio da Silva, 40",926,"12/03/2023"
2472,"Ecosport",236188,"Rua Emílio Baumgart, 41",915,"12/03/2023"
3936,"Onix",196990,"Rua Caiabu, 48",1161,"12/03/2023"
2916,"Corsa",134372,"Rua Emílio Baumgart, 41",1014,"12/03/2023"
240,"Golf",284747,"Avenida Onze de Junho, 65",1086,"12/03/2023"
9120,"Zafira",285708,"Rua Filadélphia, 6",1150,"12/03/2023"
8484,"Hilux",135330,"Rua General Costa Campos, 90",1055,"12/03/2023"
10620,"Golf",260100,"Parque Luiz Carlos Prestes, 73",577,"12/03/2023"
8304,"Corsa",145840,"Rua Barão da Cunha de Araripe, 12",719,"12/03/2023"
3408,"Civic",187377,"Rua General Costa Campos, 90",1073,"12/03/2023"
8772,"Parati",289892,"Rua Filadélphia, 6",1150,"12/03/2023"
10872,"Civic",158738,"Praça José Moreno, 24",700,"12/03/2023"
9480,"Courier",242187,"Rua Dario Vilares Barbosa, 76",995,"12/03/2023"
8340,"Spin",159572,"Rua Desembargador Isnard dos Reis, 549",723,"12/03/2023"
11532,"Civic",246933,"Rua Eusébio da Silva, 40",667,"12/03/2023"
336,"HB20",136511,"Rua Engenheiro Toledo Malta, 98",682,"12/03/2023"
2592,"Spin",156131,"Alameda Ibiracemas, 32",744,"12/03/2023"
3504,"Corolla",155890,"Rua Dario Vilares Barbosa, 76",1071,"12/03/2023"
6540,"Fox",262687,"Rua Engenheiro Toledo Malta, 98",950,"12/03/2023"
9888,"Golf",218877,"Alameda Ibiracemas, 32",901,"12/03/2023"
3528,"Ka",260623,"Avenida Onze de Junho, 65",1024,"12/03/2023"
768,"Onix",227642,"Rua Desembargador Isnard dos Reis, 549",505,"12/03/2023"
1536,"Corsa",243885,"Rua Carlos José de Castilho, 213",658,"12/03/2023"
8928,"Corolla",292941,"Rua Aracari, 21",990,"12/03/2023"
876,"Zafira",216954,"Parque Luiz Carlos Prestes, 73",537,"12/03/2023"
5772,"Courier",270789,"Rua Barão da Cunha de Araripe, 12",608,"12/03/2023"
9828,"Ecosport",147212,"Rua Delfino Casal de Rey, 39",880,"12/03/2023"
7440,"Spin",233754,"Rua Filadélphia, 6",1158,"12/03/2023"
624,"Onix",293971,"Rua Delfino Casal de Rey, 39",967,"12/03/2023"
4656,"Corsa",170684,"Rua Carneiro Leão, 45",602,"12/03/2023"
5100,"C3",172339,"Rua Desembargador Isnard dos Reis, 549",1174,"12/03/2023"
1476,"Parati",254950,"Rua Brejo Alegre, 9",648,"12/03/2023"
4200,"Ecosport",174732,"Parque Luiz Carlos Prestes, 73",872,"12/03/2023"
11592,"Courier",270633,"Rua Engenheiro Toledo Malta, 98",591,"12/03/2023"
7320,"Hilux",195678,"Rua Delfino Casal de Rey, 39",1125,"12/03/2023"
468,"Ecosport",160364,"Rua Carlos José de Castilho, 213",788,"12/03/2023"
11676,"Civic",144106,"Rua Aracari, 21",920,"12/03/2023"
1560,"Zafira",169042,"Praça Argemiro Alves de Sá, 946",1194,"12/03/2023"
6852,"Hilux",156340,"Rua Engenheiro Toledo Malta, 98",577,"12/03/2023"
4236,"HB20",227991,"Praça Argemiro Alves de Sá, 946",1047,"12/03/2023"
10788,"Punto",134320,"Parque Luiz Carlos Prestes, 73",559,"12/03/2023"
6840,"Ecosport",210118,"Rua Engenheiro Toledo Malta, 98",535,"12/03/2023"
11760,"Onix",161906,"Rua Desembargador Isnard dos Reis, 549",977,"12/03/2023"
2160,"Tucson",289913,"Parque Luiz Carlos Prestes, 73",1039,"12/03/2023"
3780,"Ka",173945,"Alameda Ibiracemas, 32",994,"12/03/2023"
6384,"Civic",159504,"Rua Dario Vilares Barbosa, 76",1087,"12/03/2023"
12000,"Onix",292357,"Rua Engenheiro Toledo Malta, 98",811,"12/03/2023"
7992,"Parati",225978,"Rua Filadélphia, 6",705,"12/03/2023"
2184,"HB20",196217,"Rua Emílio Baumgart, 41",746,"12/03/2023"
1776,"Tracker",219733,"Rua Frei Galvão, 49",930,"12/03/2023"
2844,"Zafira",286973,"Avenida Onze de Junho, 65",747,"12/03/2023"
11880,"Spin",122513,"Praça Argemiro Alves de Sá, 946",893,"12/03/2023"
11160,"Fox",144377,"Rua Engenheiro Toledo Malta, 98",733,"12/03/2023"
10668,"Tucson",200518,"Parque Luiz Carlos Prestes, 73",725,"12/03/2023"
528,"Tracker",180979,"Rua Desembargador Isnard dos Reis, 549",763,"12/03/2023"
6984,"Tracker",136980,"Parque Luiz Carlos Prestes, 73",935,"12/03/2023"
2304,"Tracker",150924,"Rua Barão da Cunha de Araripe, 12",1053,"12/03/2023"
9168,"Parati",177358,"Praça José Moreno, 24",693,"12/03/2023"
7176,"Ka",288465,"Rua Emílio Baumgart, 41",1065,"12/03/2023"
11952,"Ka",243219,"Rua Barão da Cunha de Araripe, 12",611,"12/03/2023"
10956,"HB20",228354,"Rua Engenheiro Toledo Malta, 98",557,"12/03/2023"
3420,"Pali",219085,"Rua Barão da Cunha de Araripe, 12",738,"12/03/2023"
7620,"Onix",152764,"Praça Argemiro Alves de Sá, 946",1133,"12/03/2023"
6372,"Ka",132584,"Rua Barão da Cunha de Araripe, 12",1149,"12/03/2023"
5520,"Fox",215658,"Rua Emílio Baumgart, 41",672,"12/03/2023"
1920,"C3",289816,"Rua Eusébio da Silva, 40",535,"12/03/2023"
2544,"Courier",168409,"Rua General Costa Campos, 90",878,"12/03/2023"
6564,"C3",216489,"Rua Dario Vilares Barbosa, 76",650,"12/03/2023"
6528,"Corolla",129404,"Praça Argemiro Alves de Sá, 946",918,"12/03/2023"
612,"Onix",127867,"Rua Eusébio da Silva, 40",561,"12/03/2023"
9504,"Hilux",124431,"Rua Frei Galvão, 49",638,"12/03/2023"
7704,"Corolla",270130,"Rua Desembargador Isnard dos Reis, 549",1011,"12/03/2023"
9732,"Pali",198207,"Rua Barão da Cunha de Araripe, 12",1140,"12/03/2023"
7860,"Civic",295951,"Rua Aracari, 21",680,"12/03/2023"
4524,"Parati",208986,"Rua Aracari, 21",1056,"12/03/2023"
4488,"Golf",153692,"Alameda Ibiracemas, 32",779,"12/03/2023"